Employee ID,Department,Work Hours,Projects Completed,Sick Days,Performance Score,Work Hour Category
2ed469ca,Sales,45,5,2,4.33,High
d6706b01,Finance,48,2,6,2.14,High
abb51851,Finance,56,1,7,2.45,High
8c676111,IT,34,4,3,2.86,Medium
fdd26917,IT,43,0,2,4.92,High
a40f1cea,Sales,46,8,0,1.69,High
f06897a5,HR,32,6,8,2.43,Medium
1662a127,HR,33,2,9,3.92,Medium
52de0d3f,Sales,45,3,5,4.86,High
d42548ae,IT,45,5,5,1.62,High
3f6a099d,IT,50,2,8,1.91,High
bb2138c8,HR,55,6,0,1.9,High
563d7fd6,Finance,54,5,5,1.08,High
f5f7676f,Marketing,33,8,4,3.42,Medium
f4734e83,Sales,48,4,5,3.68,High
8cc89a1c,IT,55,3,7,3.41,High
f302b6c5,Marketing,46,2,4,1.29,High
f67e8f19,Finance,42,9,1,1.28,High
ea852e45,Marketing,55,0,1,1.84,High
c6deea63,IT,51,2,9,2.16,High
537cd719,Sales,52,2,4,4.15,High
7a40a2c0,IT,55,6,2,1.64,High
169ee53c,Sales,53,6,9,1.18,High
c306eecf,IT,57,0,2,2.58,High
5c4d63a8,IT,30,2,7,2.67,Medium
46180d44,HR,41,7,6,2.8,High
edc56587,IT,33,8,0,4.31,Medium
cdec6396,Finance,40,6,4,1.39,Medium
d24a9536,Finance,34,6,8,3.82,Medium
d665e9be,Finance,31,7,3,2.35,Medium
33e4d3cb,HR,46,5,0,2.24,High
8387a69f,HR,37,2,7,4.73,Medium
4fe5a590,HR,35,0,4,1.99,Medium
de7c4f4d,IT,50,6,1,3.57,High
b64fdee4,Marketing,58,0,0,2.1,High
6df41d09,Sales,38,0,2,3.03,Medium
53a06ab4,IT,42,8,8,4.15,High
1722dee1,HR,40,9,0,4.53,Medium
6310d257,Marketing,58,6,3,4.35,High
dfeaae46,HR,45,3,7,3.33,High
297701d6,Finance,45,5,7,2.0,High
a30f9f04,Finance,56,0,9,3.64,High
c31ad15d,IT,31,6,7,3.84,Medium
973c6871,IT,39,5,9,1.04,Medium
740adf03,IT,41,3,7,2.76,High
031ef587,HR,37,6,3,4.37,Medium
a1d5d717,IT,40,2,7,2.96,Medium
30595abd,Sales,59,0,8,2.25,High
ef0fdb57,HR,39,3,6,4.49,Medium
3ec0624c,HR,42,2,1,1.62,High
9dbd7aaa,Marketing,54,0,8,1.83,High
63d55eac,Finance,46,1,7,3.75,High
d2cef04b,IT,36,4,4,2.41,Medium
10f722b2,Marketing,53,7,2,3.85,High
75dfc618,IT,32,0,6,1.63,Medium
5b64cda4,Sales,59,3,1,2.01,High
1180e281,HR,49,3,2,1.63,High
35c21cb2,Marketing,42,4,8,4.81,High
817d0f95,HR,48,6,3,2.62,High
14e122e8,Marketing,36,7,3,2.35,Medium
8421a6b3,HR,38,5,2,1.06,Medium
0bf4dcea,HR,48,0,4,1.61,High
d7869935,IT,42,6,2,2.68,High
34e160ed,Finance,51,2,8,1.27,High
3268b4af,Finance,37,5,2,3.04,Medium
9b3bf3f9,IT,51,7,1,2.82,High
95b95494,HR,47,6,4,4.07,High
608dc3d8,Marketing,58,9,5,3.64,High
231260c9,Sales,52,5,0,2.78,High
58710e61,Marketing,31,8,5,1.9,Medium
350f85c5,Marketing,47,8,9,3.91,High
6c301583,Sales,47,0,2,3.83,High
c1c42769,Sales,40,0,3,1.61,Medium
3d3f9426,Marketing,30,0,5,4.66,Medium
1393675d,Marketing,43,7,7,1.26,High
ff01f9f2,Sales,45,9,8,1.22,High
ea270b71,Marketing,40,6,5,1.75,Medium
2b858775,Sales,30,2,6,4.64,Medium
db7df464,Marketing,59,1,4,3.08,High
d9f8d75c,IT,36,3,8,4.15,Medium
1da6dbeb,Sales,58,2,3,1.91,High
a13340fa,Finance,45,6,9,2.96,High
57cacb9a,Marketing,59,9,5,2.43,High
776fe143,Sales,43,7,4,4.31,High
2e008662,Sales,44,5,0,1.09,High
1e4f74ac,Finance,43,2,4,1.98,High
77599ab8,Finance,57,5,4,1.61,High
c7955a23,IT,50,1,8,4.44,High
5c39ed7e,Finance,40,6,0,2.87,Medium
3a4a5fd8,IT,45,9,4,2.62,High
ecc32fda,Sales,48,6,6,2.8,High
cccea489,Sales,46,3,5,4.89,High
e12be35e,Sales,56,7,5,4.4,High
2bb5120b,IT,55,3,6,3.83,High
840cd953,Marketing,35,6,5,2.16,Medium
1079d9e5,Sales,40,3,4,1.66,Medium
dad091de,Marketing,46,4,9,4.69,High
80b2bf61,Sales,38,6,4,2.69,Medium
154688f2,Finance,47,9,8,2.12,High
7a1102aa,Sales,46,2,7,2.88,High
fb9d94fa,HR,41,9,9,4.67,High
8d172939,Sales,52,4,3,2.55,High
9109c085,Sales,51,2,3,3.25,High
ad8729cb,IT,51,4,9,4.21,High
90b2abf0,HR,59,2,4,2.71,High
be662523,HR,34,9,2,1.93,Medium
7f8a2041,HR,40,6,7,4.98,Medium
82fcd868,HR,33,0,6,4.83,Medium
20f0282c,Marketing,56,8,4,4.37,High
067d193c,Sales,33,8,9,3.75,Medium
55ab266c,Finance,32,4,2,2.18,Medium
133c3297,Finance,55,8,4,4.65,High
94117197,Marketing,53,9,2,2.1,High
fc801f0f,Marketing,52,5,9,4.2,High
6559dd1b,Marketing,54,4,4,4.67,High
7aadfc3d,IT,46,2,0,3.41,High
30a0462f,Marketing,36,7,5,4.21,Medium
ae2a2c4b,Finance,55,3,9,4.17,High
576eaf33,Sales,33,9,3,1.77,Medium
655ecef8,Sales,52,2,3,3.67,High
8554c860,Marketing,42,5,7,1.37,High
13ab3431,IT,41,7,1,3.03,High
3094e7f6,HR,30,8,3,1.65,Medium
26cab48d,Marketing,50,5,1,2.67,High
5a1e3dfa,HR,48,4,0,4.33,High
716ba94e,Marketing,50,1,9,4.95,High
e3aa58dd,HR,49,1,2,2.27,High
16bdb89b,Marketing,47,8,7,3.13,High
420fe006,Finance,40,1,5,3.05,Medium
1f2e5fbb,IT,49,1,6,4.82,High
032afbf9,HR,32,2,1,2.91,Medium
7be9212c,IT,58,2,5,3.8,High
32a10c37,Finance,46,3,7,4.69,High
1a1335d8,Finance,41,6,7,2.49,High
09e26b3b,IT,39,8,3,4.61,Medium
b186e828,Sales,37,1,5,4.67,Medium
622820bc,HR,44,3,4,4.72,High
478e58e3,HR,34,8,8,2.08,Medium
131980a6,Finance,33,1,7,2.6,Medium
5174e6d6,Sales,55,9,1,4.48,High
91dcd373,Sales,57,0,6,2.44,High
5586ed07,IT,50,9,6,3.4,High
7257a4ac,Sales,49,7,0,1.47,High
4a882bdc,HR,48,8,0,1.23,High
b717fde7,HR,50,6,3,2.65,High
ebad8278,Marketing,33,7,4,3.32,Medium
fded0b7a,Finance,44,3,3,2.57,High
3b2fcffd,IT,46,3,6,3.31,High
7f679dba,Sales,41,1,2,3.06,High
94066f7d,IT,32,7,6,3.74,Medium
f8025c5a,Sales,39,1,7,3.6,Medium
2219e906,Marketing,44,8,5,2.7,High
b8630414,Sales,39,3,5,2.7,Medium
7b15b5e4,HR,53,0,7,1.56,High
336fc079,Marketing,52,3,7,3.05,High
4dda2871,Finance,47,2,6,3.35,High
12fe9d22,IT,30,5,5,2.91,Medium
3ec297d9,HR,32,6,5,2.3,Medium
2e9d92f2,Sales,50,7,9,3.89,High
4983de7b,Finance,55,1,5,1.3,High
f2056e8b,Finance,56,5,7,4.66,High
d72d8548,Sales,41,5,0,1.08,High
2a5fdec2,Sales,30,9,4,4.85,Medium
66bbab64,Marketing,32,4,2,2.85,Medium
2e0b9b71,IT,32,9,7,2.65,Medium
75efb32c,HR,34,9,5,2.03,Medium
eb9d61c0,Marketing,48,6,1,1.04,High
6b1e8c79,IT,58,2,6,2.1,High
674ac4d0,Sales,54,3,6,1.44,High
8383da77,Sales,30,9,4,3.64,Medium
3e1b59da,IT,33,8,7,2.28,Medium
b0e7a506,IT,58,3,4,4.07,High
0c4f886c,Sales,58,2,0,1.83,High
18fbb7d0,Sales,55,1,8,4.6,High
327dcb9f,HR,55,4,3,3.09,High
ff802760,Marketing,33,3,1,1.46,Medium
ca7f3816,Sales,46,7,3,2.6,High
cdfb84ce,Finance,43,6,8,1.83,High
eef4b0ac,HR,47,5,1,1.8,High
0ef4cc67,Sales,56,1,3,3.03,High
f796f214,Marketing,30,2,1,3.69,Medium
b9e819f6,Finance,51,9,4,4.65,High
db93def3,IT,45,8,2,3.01,High
38495ee6,IT,32,8,9,4.86,Medium
31a4da41,HR,52,4,1,4.77,High
34e51fc1,Marketing,50,2,8,4.46,High
89e93a8f,IT,38,1,4,3.0,Medium
5af68cd3,Sales,52,7,9,1.56,High
6728a938,Marketing,33,5,4,1.87,Medium
5a8c83c6,HR,50,9,0,3.59,High
56ea4019,IT,34,6,5,2.69,Medium
c9d62035,Sales,40,0,6,1.59,Medium
8f94bbcb,Finance,50,0,0,2.92,High
d076e4b2,Finance,55,9,8,1.07,High
fb7489f5,HR,38,1,7,3.94,Medium
7b572cda,HR,55,9,7,1.29,High
cadce06e,IT,32,2,6,3.52,Medium
5098e457,Marketing,35,0,4,4.17,Medium
fc4baa29,Sales,53,4,2,1.53,High
274fecad,Sales,40,2,8,3.07,Medium
fcc52f16,Finance,38,0,6,4.12,Medium
390ef930,Finance,58,7,9,2.04,High
057926fb,HR,44,5,9,1.65,High
314b9ac9,Marketing,52,8,7,2.35,High
edc074de,IT,57,2,5,3.22,High
c08b913c,Finance,32,8,4,3.3,Medium
e3048307,Finance,30,8,7,1.52,Medium
593aa78b,IT,49,0,2,2.83,High
20b6c83e,Sales,58,2,6,2.07,High
d40c6ee5,Finance,51,5,1,4.37,High
2fa46b7d,Finance,48,7,2,2.25,High
6e30ee9f,IT,43,3,1,4.35,High
89791507,HR,46,4,4,2.71,High
473e094c,Sales,51,8,6,3.91,High
ac0a0434,HR,43,5,9,3.04,High
211cf977,Sales,46,6,9,3.49,High
0c25e725,Finance,54,6,0,2.58,High
606f77a5,Marketing,56,3,9,4.07,High
4669f3ac,HR,43,3,8,2.7,High
c7a79d1f,HR,41,3,0,2.83,High
311f57a2,HR,45,4,0,3.07,High
1f2ba6b9,Marketing,30,4,9,4.33,Medium
4236add5,Finance,42,7,7,3.64,High
e14a754d,Sales,35,8,5,2.4,Medium
39e9052f,HR,46,1,5,3.68,High
33f53290,IT,41,6,8,3.57,High
542ce5b1,Marketing,52,0,3,4.72,High
5dbca989,Finance,48,0,7,4.37,High
ee9437e8,Sales,35,3,3,3.59,Medium
f641ef11,HR,36,9,1,2.37,Medium
a367e6dd,Finance,30,6,7,4.12,Medium
d1a6d05b,Finance,30,1,6,3.3,Medium
9d9126d4,HR,58,1,3,4.94,High
7142f523,IT,34,0,8,1.99,Medium
5b5d94e8,IT,35,9,8,1.32,Medium
dcfda1e8,Sales,45,1,7,1.28,High
ddf3117f,Finance,54,6,0,3.56,High
bd0acc68,Sales,45,8,6,4.76,High
310d91aa,HR,43,5,4,1.01,High
23d2a2bc,Finance,30,9,6,3.9,Medium
3e6ea582,Sales,42,1,8,3.63,High
33c0cafc,HR,49,9,1,3.93,High
bee36585,IT,39,9,3,2.42,Medium
fbc97d23,Finance,53,8,3,4.28,High
86a36471,Sales,39,6,1,1.18,Medium
22bbdb6c,Sales,38,0,2,4.02,Medium
86b676bf,Sales,42,8,7,2.07,High
755546c7,Finance,32,1,8,2.91,Medium
bf4c9cd9,Finance,56,3,5,4.29,High
0e0d3abe,Finance,47,8,9,2.09,High
bfcfcf02,Finance,49,3,1,1.74,High
a53d2084,Finance,31,2,1,3.73,Medium
1c39335d,Sales,46,0,6,3.13,High
f229f826,HR,57,6,7,3.06,High
99e368f5,Marketing,48,5,7,2.03,High
04db8071,HR,52,9,5,1.14,High
f39fa469,IT,42,3,9,2.64,High
2d3862ec,Finance,42,5,7,1.43,High
576978ff,Marketing,30,5,0,4.62,Medium
c568334d,IT,31,3,8,1.17,Medium
052b52aa,Finance,30,5,0,2.73,Medium
fefccd55,HR,53,9,2,1.21,High
173444fd,Marketing,34,7,8,1.38,Medium
c8730fe6,Finance,53,2,4,3.64,High
09ee467e,Sales,32,3,8,3.59,Medium
27a40572,Finance,58,9,8,1.13,High
3e9387da,Marketing,57,0,5,1.0,High
d3d2d15c,Sales,36,3,0,1.32,Medium
538a5db4,Sales,53,9,9,4.05,High
0ab82666,Sales,51,9,6,3.34,High
367452df,IT,42,8,5,1.15,High
e283487b,IT,58,7,8,2.95,High
31935f69,IT,52,3,6,3.85,High
07bbc568,HR,59,6,3,4.48,High
101d2754,Sales,57,9,6,4.74,High
ad9a2fbb,Finance,47,2,1,2.31,High
599cc117,IT,53,8,5,1.54,High
0c25da37,Finance,50,9,5,1.95,High
68544673,HR,36,3,1,4.1,Medium
fa82e0c7,IT,30,1,3,4.89,Medium
73c89053,HR,34,9,7,2.87,Medium
f695c805,Finance,46,4,7,2.22,High
a610696e,HR,57,1,7,2.72,High
2cdfeb49,Finance,58,9,7,2.22,High
6ad62fd0,HR,37,5,0,2.03,Medium
dafc4da8,HR,44,9,1,3.38,High
060e07a3,HR,49,0,3,1.06,High
14fabb47,Sales,33,5,8,2.04,Medium
694067c7,Marketing,31,3,2,3.65,Medium
9b1efe65,Sales,34,2,5,1.13,Medium
66b250d2,Marketing,30,1,6,1.33,Medium
95a67f85,Sales,54,6,7,2.17,High
936a0e9c,IT,34,8,6,4.51,Medium
beb7ef22,Sales,35,2,2,4.06,Medium
5617b4a9,Marketing,31,5,5,1.09,Medium
23e73750,Sales,55,8,4,3.01,High
2faa222e,HR,55,1,9,2.1,High
9ca039bd,HR,30,6,3,3.59,Medium
78525e91,IT,33,4,0,3.89,Medium
b2bf23e1,Sales,36,4,6,4.45,Medium
e722b30d,IT,51,6,7,2.9,High
4f194837,HR,55,8,1,4.98,High
73a17882,Marketing,30,3,6,4.92,Medium
c03106d9,Marketing,30,8,5,4.53,Medium
586c18fb,Sales,37,9,4,3.3,Medium
57ae322e,Marketing,49,8,3,2.59,High
aac86641,HR,45,3,1,2.46,High
5a0fea48,Finance,50,2,9,1.05,High
23d6647c,Finance,42,1,5,2.0,High
b0dc5af6,Marketing,52,8,4,3.88,High
e080dcf5,Finance,53,1,1,3.41,High
bfe7d3ab,IT,55,5,9,4.67,High
42976262,Finance,52,4,6,1.2,High
6beae9f5,IT,47,4,5,1.62,High
80047e55,HR,59,3,8,4.16,High
d1425604,Finance,49,5,9,2.43,High
069be584,IT,39,4,4,1.47,Medium
af2fc211,Finance,41,3,8,4.99,High
194925d8,Marketing,30,8,8,4.15,Medium
c9551406,Finance,39,5,0,2.63,Medium
1c3f67c3,IT,38,9,4,4.29,Medium
865ed71b,Finance,32,9,8,3.72,Medium
8d81c48b,Finance,57,9,6,4.16,High
e7dd86c5,Marketing,48,2,5,4.26,High
b489bbed,Sales,55,9,5,1.34,High
76e8ed1c,HR,38,5,6,3.49,Medium
b3ba392c,IT,39,0,0,1.03,Medium
c9d460a5,IT,48,4,3,1.17,High
ef926214,HR,45,9,0,4.62,High
37544135,IT,53,5,5,3.11,High
d9fd39d2,HR,47,7,3,3.94,High
cc62ff32,Sales,43,8,0,4.35,High
4957e831,IT,58,2,8,4.8,High
dcb9363b,Finance,32,1,3,4.48,Medium
2a4abdf6,Finance,31,3,5,2.93,Medium
69f575bc,HR,30,7,6,2.34,Medium
9db30254,Finance,47,7,7,1.62,High
c8d01274,HR,53,2,8,2.6,High
9a6e14b8,IT,38,3,8,2.47,Medium
5459a182,HR,42,2,7,3.24,High
314f4a56,Marketing,31,9,9,3.66,Medium
65f7c9ff,IT,36,1,2,4.91,Medium
44d98a89,Sales,45,3,1,3.91,High
88a8acb8,HR,50,5,4,3.57,High
74e3a1da,HR,48,4,0,2.34,High
2496fe5e,Finance,54,2,2,1.14,High
e4cbc03b,Marketing,44,1,0,2.15,High
3ca7c45c,HR,51,8,2,4.07,High
53084201,Sales,40,0,3,1.82,Medium
66ca4b38,Sales,30,8,6,3.85,Medium
885ce130,HR,50,0,4,3.32,High
85eb4620,Sales,36,6,4,1.69,Medium
09e30b08,HR,49,5,0,2.05,High
a0142f68,IT,37,6,7,2.99,Medium
8dd9c746,Sales,39,2,3,2.67,Medium
6ab2cd91,Sales,34,2,9,4.11,Medium
e096115f,Marketing,38,0,4,3.94,Medium
f7a2bdfe,HR,54,3,1,3.3,High
7fe3f37a,Finance,54,1,0,4.29,High
f55973d1,IT,30,9,8,3.25,Medium
5546e93e,Finance,31,7,1,4.86,Medium
855e3fc0,Marketing,48,2,5,1.87,High
2b07d535,IT,43,6,0,3.86,High
98978c97,HR,49,6,0,2.48,High
d979de1f,Finance,39,8,8,2.12,Medium
541f2ca6,IT,38,5,3,1.72,Medium
b6e09547,Sales,39,0,8,3.21,Medium
7e803413,HR,58,7,4,1.86,High
95a2e6c7,Marketing,35,0,6,1.8,Medium
6a30c3ed,IT,46,2,0,4.96,High
4b9418cf,Sales,57,4,5,4.21,High
2b2b0be0,Finance,54,7,7,3.99,High
1a74e8d5,Finance,35,8,0,4.18,Medium
923b34b8,IT,33,6,8,4.88,Medium
8eed3dee,Finance,59,8,2,3.29,High
670ced00,Marketing,49,2,0,1.88,High
e2eedd22,HR,32,4,0,4.45,Medium
bf74477e,Marketing,52,9,5,3.97,High
a315ed7e,Marketing,48,7,5,2.66,High
a3a44715,IT,47,0,0,2.89,High
715d1d50,Finance,55,7,2,2.65,High
921590cb,Finance,53,6,6,4.72,High
72102387,HR,33,0,9,2.37,Medium
ad45b6a2,Finance,37,9,2,4.85,Medium
9ea29438,Finance,46,9,2,4.64,High
6e380bd7,HR,34,5,2,3.52,Medium
11ebefc5,Finance,42,0,6,3.32,High
495aecfc,IT,54,1,3,2.48,High
5a340867,Sales,30,4,3,1.07,Medium
43a2a11d,IT,56,1,2,1.51,High
cf6fddce,Finance,42,9,9,4.02,High
aef2de79,IT,33,0,8,2.89,Medium
fe8528b6,IT,51,5,1,1.6,High
2d1b8397,IT,55,7,3,2.06,High
0be10e4e,IT,53,7,7,4.79,High
b9363f70,IT,43,7,5,2.47,High
4202f477,HR,32,5,6,4.63,Medium
c9a557b7,Marketing,34,2,6,2.22,Medium
4da33eae,HR,36,0,1,3.17,Medium
26b01bfe,Finance,30,1,3,1.08,Medium
549c139e,HR,52,4,9,3.09,High
fba23b12,IT,58,9,9,3.55,High
31d6b999,Marketing,41,4,5,1.94,High
a8e4b4f2,HR,40,9,2,3.32,Medium
5291122b,Sales,53,0,8,3.59,High
50a2202c,HR,37,0,3,3.75,Medium
d62621bd,IT,54,8,9,4.11,High
0ce834ce,Finance,35,1,1,2.25,Medium
8809a15e,Sales,57,6,5,3.27,High
861cb950,Sales,51,9,0,4.93,High
e6586f27,Finance,31,3,5,4.59,Medium
6f2576e2,IT,48,6,9,4.81,High
5dccb6a4,IT,49,7,0,2.54,High
67e9f0c1,Marketing,49,4,7,4.15,High
0a568c71,Finance,53,0,4,3.48,High
62478d73,IT,43,3,5,1.33,High
1cf1dcdb,HR,30,9,1,4.3,Medium
efe42eac,HR,39,2,1,3.71,Medium
f9e86e29,Sales,45,9,8,1.8,High
4427db9a,HR,59,4,2,1.32,High
f4ea0f6f,Marketing,33,9,5,4.35,Medium
51ebfb15,IT,56,9,9,1.32,High
fae1bc97,IT,57,5,4,1.37,High
420a2388,IT,58,1,3,2.71,High
87efd0bf,HR,40,6,9,1.54,Medium
6ca8374e,Sales,45,2,1,4.65,High
f087a427,HR,56,0,7,2.88,High
2ffdb48f,Finance,49,9,9,3.28,High
e3d0d7a2,IT,30,2,6,4.71,Medium
ac42dde5,Finance,45,8,1,3.12,High
8161c24b,IT,48,9,5,2.41,High
e7deec63,Sales,50,5,7,4.19,High
5839425d,Finance,51,5,6,2.77,High
2ee46310,IT,38,3,0,2.27,Medium
1a6a9467,HR,38,7,4,3.89,Medium
ede42176,Marketing,38,4,1,4.21,Medium
760661dd,Finance,56,6,5,4.17,High
540036c0,Sales,46,8,6,4.91,High
e0231fb2,IT,41,4,6,4.15,High
fd5593c5,Sales,54,4,2,4.08,High
10a87c9f,IT,42,3,6,4.43,High
4799ca58,Marketing,37,5,4,1.0,Medium
43998e52,Sales,45,1,7,2.45,High
d3c815e6,HR,47,2,7,3.95,High
3b02a8a1,HR,58,0,6,3.4,High
b8b4f430,Sales,56,1,5,1.71,High
fa2db6f0,Finance,30,1,1,2.21,Medium
01832f20,Finance,30,7,5,2.35,Medium
a796e7a8,Finance,41,7,8,3.27,High
a545c8c0,IT,35,1,1,4.33,Medium
15548405,Finance,38,5,0,4.73,Medium
c7ff43c0,IT,52,4,4,4.0,High
82d775f5,Sales,34,2,5,4.37,Medium
c1a44a47,IT,56,4,2,2.88,High
9fb94940,Marketing,45,4,7,2.56,High
d6265ed9,Marketing,47,4,6,2.57,High
a1e02e1d,Sales,46,2,1,3.46,High
47a8e469,Finance,47,2,6,1.5,High
cd7fd807,IT,30,3,0,3.32,Medium
146770a2,HR,48,6,8,3.66,High
8c863679,HR,51,1,6,2.76,High
c8e129c7,IT,58,9,5,4.81,High
5b62dc3d,Finance,37,3,1,3.43,Medium
5df07329,Sales,32,3,2,1.88,Medium
f6a0390a,Sales,55,0,0,2.92,High
fd2e16bf,IT,54,9,9,3.7,High
7effc5b4,Sales,55,7,4,2.29,High
7812b1b3,IT,34,0,8,1.32,Medium
0b76fffe,Marketing,52,7,5,3.33,High
087ec601,IT,37,6,4,4.79,Medium
0bd43c84,HR,48,8,2,2.94,High
e75a110e,HR,47,7,4,4.62,High
8076d7f3,Finance,47,4,7,4.34,High
73b0bab7,Finance,50,7,1,1.59,High
c3d18197,Finance,30,9,4,3.83,Medium
260fdd2f,Marketing,44,2,5,2.74,High
e82c4b82,Marketing,47,9,9,2.0,High
392377a8,Sales,58,6,7,3.75,High
bc653378,Finance,54,3,7,3.97,High
e44374d0,HR,36,4,4,1.72,Medium
e03798de,Marketing,45,8,8,4.66,High
552b562d,Finance,45,6,3,4.0,High
f8cfc0bc,IT,44,3,8,4.73,High
1c4418a9,Finance,35,5,6,2.27,Medium
a621b9ba,HR,38,9,5,4.76,Medium
c9479a71,HR,36,6,3,2.47,Medium
c08c96a7,Finance,43,9,1,1.22,High
5ee8801c,HR,40,8,7,4.05,Medium
17534f69,Sales,50,3,5,3.81,High
7f963be7,Marketing,45,9,2,3.39,High
ce7496e5,Sales,54,2,6,2.96,High
6ce05b1c,IT,35,7,9,1.13,Medium
96892bde,Finance,51,0,6,3.5,High
013b2528,IT,56,8,5,2.67,High
5596a81c,Sales,45,0,1,3.24,High
11ccf382,Sales,49,1,7,2.72,High
69ec144e,Sales,58,7,0,4.86,High
5af80cd5,IT,45,8,0,3.42,High
888ac86c,Marketing,41,6,5,4.0,High
bc5b153d,HR,46,2,4,4.75,High
a96890a7,Sales,34,6,8,3.37,Medium
a401a11b,IT,56,5,6,1.05,High
4e9484ce,HR,54,1,1,1.14,High
0b6d26d9,Finance,42,2,6,3.81,High
86a9fcd6,Marketing,37,9,2,2.12,Medium
69a72a57,HR,53,9,0,3.32,High
11590a55,Marketing,34,4,7,1.81,Medium
244311d5,Sales,41,9,2,2.08,High
49618d57,Marketing,38,3,7,3.02,Medium
1ee30c18,Sales,32,1,6,4.9,Medium
8b98230c,Marketing,32,3,1,3.47,Medium
ae3cbd69,IT,30,7,0,4.74,Medium
99da5552,Marketing,54,4,6,4.84,High
c406b0e1,Finance,51,4,0,1.83,High
82940acb,IT,47,9,5,2.24,High
5ef30db1,Marketing,53,2,9,4.08,High
b09e1a55,Marketing,41,7,9,4.47,High
32ba8a91,IT,38,5,7,3.08,Medium
83612b54,IT,38,1,6,4.97,Medium
99cf21c5,Finance,47,1,3,1.05,High
421e5719,Finance,47,8,0,2.2,High
f19d2688,HR,58,6,0,3.49,High
19fa400a,Marketing,36,9,3,2.88,Medium
d1c95de0,HR,56,8,4,1.47,High
85757e0b,Finance,33,5,6,2.47,Medium
b15b35da,Sales,42,4,3,1.1,High
c278ea6a,HR,46,0,9,3.57,High
19c28b62,IT,53,5,0,4.57,High
de629412,HR,31,5,9,4.54,Medium
f5044f7d,Marketing,43,2,6,3.8,High
269be3fa,Marketing,32,2,1,2.86,Medium
404ae6a1,Finance,34,2,1,3.05,Medium
8c014cc2,Marketing,43,2,7,1.55,High
b92a18a3,Finance,32,6,9,2.36,Medium
ea09b9ff,Finance,52,9,9,1.75,High
154e3cc9,IT,36,1,9,4.28,Medium
288211ba,Finance,59,9,4,4.66,High
17cf695b,HR,47,9,9,3.15,High
44921518,HR,42,1,1,3.91,High
529b3d7e,Sales,58,2,4,1.49,High
2cc3abab,Sales,52,9,7,3.43,High
6687c5b0,HR,56,6,5,3.81,High
0f688072,Marketing,51,2,2,2.81,High
14375b98,Finance,39,6,7,1.97,Medium
527aaf37,IT,54,8,8,4.51,High
1e23f6e1,IT,42,9,4,3.97,High
2d197c86,IT,45,3,1,4.6,High
3c462c77,Finance,38,6,1,4.27,Medium
2462a054,Finance,31,8,6,4.96,Medium
0a888583,IT,52,7,0,1.77,High
c1ca4874,Finance,34,7,9,1.35,Medium
d2676689,IT,58,8,1,2.35,High
63f98976,Sales,51,4,9,1.52,High
9f313a56,HR,46,4,3,3.09,High
fd537323,Marketing,52,2,0,3.53,High
5318c913,Finance,51,4,3,3.31,High
21f77c27,Finance,33,7,9,2.04,Medium
e504a06a,IT,46,4,4,4.64,High
8c726770,Marketing,38,3,8,1.08,Medium
68c3ed5b,Sales,49,7,0,2.39,High
e3a7afc6,Sales,31,6,4,3.88,Medium
3cf2cef6,Marketing,53,5,1,4.07,High
71a19c21,Finance,47,4,8,2.66,High
b4811958,Marketing,50,4,5,1.07,High
d76cfd6d,Finance,56,9,1,3.47,High
33672ba4,Sales,51,1,2,1.25,High
f1b5a2cc,IT,40,3,7,1.43,Medium
5eae383c,Marketing,42,7,0,3.6,High
322ef71c,Marketing,37,7,2,2.25,Medium
510bf48c,IT,56,0,9,2.39,High
9dce9ad9,Sales,30,1,0,2.95,Medium
9e76a2e8,Sales,46,4,7,4.91,High
78c37479,Marketing,41,8,0,4.86,High
575cd0a6,Marketing,33,9,4,2.67,Medium
5d19859a,Sales,50,6,3,2.06,High
7f17216a,IT,42,9,6,2.21,High
051730ff,Marketing,58,4,4,2.08,High
b40e8e58,Finance,38,0,7,3.13,Medium
7c82592f,IT,56,5,0,3.43,High
05fd13db,HR,59,7,4,2.96,High
66064ee0,Finance,36,6,3,2.63,Medium
ee55dd94,Sales,52,1,2,1.85,High
b347225b,Marketing,53,4,4,2.93,High
15e08b6c,HR,34,3,9,2.36,Medium
019f3af6,Sales,34,8,2,3.17,Medium
ae1f2a32,Sales,46,9,7,3.7,High
30415cf6,Finance,59,0,2,3.53,High
04737103,HR,38,5,0,2.85,Medium
bd0ba284,Sales,35,2,8,3.22,Medium
d4853686,Sales,54,8,8,2.14,High
be006118,Marketing,48,4,5,1.1,High
e5a7b3ad,IT,45,5,9,3.5,High
58d2b835,Marketing,50,8,0,2.01,High
64cf1c31,Finance,31,8,7,3.68,Medium
805a7412,Finance,39,7,1,3.99,Medium
4e641b80,HR,45,8,8,4.66,High
14f960ed,Finance,34,3,7,4.83,Medium
12392353,Sales,44,5,2,1.04,High
8f03d651,Finance,42,4,4,4.96,High
b1d2960d,Sales,42,4,8,3.73,High
9900dad6,Finance,42,3,0,3.57,High
48ce6e5b,HR,44,1,8,1.06,High
1b3c8ee9,Finance,43,5,3,4.44,High
452548c2,HR,37,8,3,1.58,Medium
4039e171,HR,40,0,3,4.35,Medium
6c3c3369,Finance,47,6,9,1.06,High
bd5851ed,Sales,53,5,8,3.58,High
747bc6b5,Finance,33,2,5,2.74,Medium
572551b8,Sales,55,0,7,1.8,High
07a59211,Marketing,39,3,3,1.43,Medium
f13e01f3,Finance,30,8,2,2.76,Medium
24b3a7e2,HR,58,1,0,1.49,High
6d5b54e5,IT,34,2,9,2.95,Medium
be62b871,HR,42,1,6,3.5,High
ff2038b1,Marketing,30,1,3,4.31,Medium
c8374b6a,Marketing,52,9,7,3.71,High
44333a74,Finance,37,7,2,1.26,Medium
73e943af,Marketing,32,2,0,2.23,Medium
e71ec7ff,Finance,32,6,4,2.15,Medium
da23f97e,Sales,36,7,1,4.66,Medium
1d20b066,HR,33,2,2,4.47,Medium
ebebad34,Sales,32,1,5,2.48,Medium
3b730325,Sales,44,7,2,1.28,High
b06903b4,Marketing,37,2,2,4.58,Medium
3791ac00,IT,32,6,5,4.55,Medium
3f147671,IT,58,0,4,4.42,High
f352982d,Finance,59,5,9,4.38,High
3e83a593,IT,36,8,8,2.92,Medium
b092f75e,Finance,47,2,0,1.71,High
94054061,IT,40,6,2,2.91,Medium
dabd3445,HR,40,5,2,2.98,Medium
6e485a7c,HR,46,7,5,2.96,High
7f029050,Sales,57,2,7,3.16,High
79c67c7b,Finance,35,2,2,2.03,Medium
e3a3e0ea,HR,37,3,2,2.46,Medium
64d21e05,Finance,30,2,5,2.74,Medium
64a690ad,IT,58,8,7,1.52,High
267f3b0f,Sales,39,3,5,2.82,Medium
5251773f,IT,57,5,9,4.24,High
28b0ecde,Sales,54,7,2,4.31,High
1342e94e,Finance,48,7,3,2.65,High
9759e048,Sales,32,4,0,3.08,Medium
69cae999,Finance,33,4,7,1.13,Medium
12bfe41d,Marketing,40,5,3,3.7,Medium
9bb79bc6,HR,44,9,5,2.62,High
2e8b2079,Finance,30,6,2,2.78,Medium
371197b1,Finance,38,9,5,4.49,Medium
5cc4d55e,HR,40,6,8,2.85,Medium
0298394c,Finance,48,3,8,1.08,High
0663b27a,Sales,42,5,9,1.91,High
dcd801aa,HR,55,6,2,2.9,High
6a4af0ec,Sales,45,4,2,2.7,High
edd287a7,Sales,33,4,3,4.44,Medium
a15457ff,HR,30,1,6,3.17,Medium
3e1fdf02,Marketing,49,6,2,3.76,High
2d69cd19,IT,42,5,9,2.88,High
bcad94fc,HR,30,0,7,2.76,Medium
2657adfd,Finance,34,3,7,2.79,Medium
62b1697d,Finance,34,2,5,2.64,Medium
537978ee,Sales,43,2,3,3.15,High
4ce22650,Sales,56,6,4,2.0,High
390e7cc2,Sales,52,9,1,4.56,High
66279c7f,Finance,43,3,5,2.33,High
64dddf7f,Finance,37,7,2,1.59,Medium
7ea60bab,Finance,33,8,5,1.39,Medium
494941dd,Marketing,36,2,4,1.05,Medium
9d1d4a9e,Finance,49,4,1,2.69,High
2a825cf6,Finance,48,3,4,1.75,High
e6df15b9,Sales,44,9,4,1.09,High
e245cbe8,HR,51,5,8,3.08,High
e5d1bafb,IT,33,9,7,3.72,Medium
69157aa2,Finance,59,3,6,1.34,High
ebae7370,IT,48,7,2,2.84,High
6094445a,IT,38,2,9,3.97,Medium
055d9365,Marketing,50,4,3,4.94,High
02a27b8e,HR,42,0,5,3.67,High
53ad3a1c,Marketing,43,5,2,1.98,High
cb334bfb,Marketing,52,4,8,3.87,High
7307bcfc,IT,57,7,7,3.39,High
c04fb798,Marketing,43,8,5,1.85,High
283d0674,HR,51,7,3,4.4,High
a2bcce92,HR,39,7,6,2.71,Medium
c7195a6b,Finance,45,2,2,4.85,High
0aceec5e,IT,34,3,9,3.89,Medium
9611c113,IT,52,3,7,3.58,High
4d085405,HR,56,4,0,3.91,High
d4052b62,IT,35,8,2,2.91,Medium
c9464044,Sales,55,8,4,3.02,High
8d56269a,Finance,31,9,4,4.4,Medium
24213e26,Finance,42,0,9,3.72,High
4d904ab6,Marketing,58,7,1,4.59,High
8f6e3e3c,Marketing,42,0,9,4.56,High
bddcf627,HR,48,1,7,4.91,High
8bfe8b83,Finance,47,6,4,3.8,High
28aa76ed,HR,57,7,6,3.01,High
26fd9970,HR,48,0,6,1.67,High
39354196,IT,30,2,4,3.82,Medium
29dc682a,IT,37,6,7,2.17,Medium
f6864dd3,Marketing,51,8,8,2.13,High
5934f868,Marketing,45,7,3,1.95,High
b09878e0,Marketing,58,7,3,4.5,High
888bd920,IT,31,8,7,4.47,Medium
452f8d77,HR,37,9,0,3.52,Medium
329b2b38,HR,35,2,3,2.89,Medium
546ea47d,HR,45,7,5,3.69,High
ab05e93d,HR,52,0,3,3.43,High
c32624b9,HR,40,7,5,2.66,Medium
cc0aa3d0,Finance,46,6,4,2.52,High
632482d8,Marketing,52,7,8,2.53,High
088eaeae,Sales,48,0,9,3.36,High
89d5bd23,Sales,40,5,8,3.59,Medium
846f7a8c,Sales,57,6,3,2.81,High
cf969a28,IT,37,4,3,4.87,Medium
323a42e0,Finance,51,4,7,1.34,High
e99aaea4,Marketing,33,6,9,2.39,Medium
81fb7ffd,Sales,40,2,3,2.68,Medium
774014d1,Finance,37,5,1,1.07,Medium
cf3ebd0b,Finance,38,6,1,2.46,Medium
e65072ee,Sales,55,0,0,2.09,High
c9c1a2b8,Finance,31,1,4,3.02,Medium
77d548d0,HR,45,3,5,2.35,High
9620cafc,Sales,35,7,8,3.9,Medium
5560ab1f,Sales,50,9,4,3.04,High
cf9f73e9,HR,50,5,5,1.52,High
835acf43,Marketing,55,0,5,4.0,High
fd6217e4,HR,56,9,2,1.4,High
d09f1c96,Sales,48,4,3,4.36,High
92070128,Sales,57,6,0,4.73,High
6dfa658c,HR,37,5,3,2.29,Medium
710ec587,Sales,43,8,0,4.7,High
2c677305,Marketing,53,7,4,4.17,High
6fb877e3,IT,45,3,7,4.69,High
e39f6384,Sales,41,4,7,3.67,High
511b0955,IT,34,6,4,1.94,Medium
48e1ef2a,Marketing,53,7,9,4.58,High
388b04ec,Sales,55,4,1,1.74,High
3a0645bb,IT,53,8,5,1.85,High
4b63b2b3,Sales,48,9,0,2.08,High
3b0a212f,Marketing,47,3,6,2.22,High
7c8b0723,IT,38,3,3,3.06,Medium
36085080,IT,31,7,4,3.85,Medium
cdb8e66c,Finance,54,0,5,4.7,High
e51ea777,Finance,49,7,0,1.35,High
6cf040be,Sales,41,4,8,4.82,High
7806c8c0,Marketing,58,0,9,4.69,High
eb80444d,IT,31,3,3,1.22,Medium
6faa3a3a,Marketing,39,1,7,2.44,Medium
fe2de3ae,Finance,30,3,4,4.25,Medium
aa2833bb,Sales,33,7,7,3.45,Medium
ab4b1db4,Finance,54,4,0,4.12,High
2ec35537,Finance,41,0,7,3.88,High
49f56c9d,Sales,38,6,3,2.99,Medium
1c166a45,Finance,33,0,1,1.16,Medium
b47f9c99,IT,38,8,5,3.34,Medium
aaf59edd,Marketing,57,2,1,1.19,High
b43eee64,HR,35,2,4,3.41,Medium
3762e19c,IT,30,5,1,4.2,Medium
e0e04508,IT,39,9,2,3.34,Medium
c3c31412,Finance,58,5,5,4.99,High
dad98dee,Marketing,43,5,0,2.82,High
ed287bf8,Marketing,51,0,5,4.0,High
3debb67a,HR,54,4,2,3.67,High
6eda602a,HR,58,5,6,4.97,High
4fc9d4c8,HR,47,7,1,3.85,High
82db1897,Finance,35,0,5,1.66,Medium
047b78eb,Marketing,47,4,7,4.82,High
d1755e02,IT,49,2,0,3.67,High
f7048fce,Finance,45,1,8,1.24,High
6b4bb4d6,Marketing,44,7,4,3.63,High
3db9df8e,Finance,45,6,4,4.53,High
dae94b0a,Finance,37,9,4,3.31,Medium
3b1511ef,Finance,42,6,5,2.42,High
d273beef,Marketing,52,4,1,4.28,High
fd001d5e,Finance,40,8,5,4.13,Medium
9fe6fc3e,IT,57,4,3,3.18,High
231269ac,Sales,58,1,7,1.62,High
671a1af0,IT,54,2,8,2.0,High
bf6fb8dc,Finance,36,3,8,3.95,Medium
cdbb2564,HR,46,4,7,4.22,High
0dc7aab3,IT,47,2,2,2.12,High
ec0e2aee,Finance,51,6,9,2.47,High
f3e87526,Marketing,52,4,3,1.31,High
16f6a461,HR,48,4,0,3.85,High
86684a44,Finance,54,5,8,1.01,High
9ece30d1,Marketing,42,6,4,1.19,High
f0e01682,Marketing,44,9,5,1.02,High
6a48e22c,IT,52,9,2,3.58,High
75bac4b4,HR,59,7,9,2.67,High
f6b7b6e1,Finance,51,8,7,2.19,High
a844e51d,Marketing,58,3,6,4.65,High
85db2e75,Sales,51,4,0,1.77,High
2714577c,IT,30,4,9,2.56,Medium
0ec94793,Finance,58,7,4,4.76,High
2206af33,Sales,45,8,9,2.71,High
2252731e,Finance,34,6,8,3.22,Medium
9bbf3a7a,Finance,55,4,5,1.32,High
3c64493f,HR,32,2,7,4.16,Medium
c27227ff,Sales,52,0,9,2.69,High
af9260b4,Marketing,39,8,0,4.2,Medium
1d8ecdca,Marketing,48,4,9,2.02,High
e6a95620,IT,34,8,6,2.69,Medium
657a0edd,IT,36,9,2,4.15,Medium
ee6e7db0,Marketing,43,3,8,4.9,High
0e00abf4,Marketing,32,4,5,1.24,Medium
ebf90ecf,Sales,42,3,4,4.25,High
8d34f18f,HR,42,1,7,2.2,High
12e8b0b1,Finance,39,0,7,3.2,Medium
deb2c730,Sales,31,7,2,2.16,Medium
b73ee81a,HR,35,3,1,3.45,Medium
a19aa5f0,Marketing,37,4,1,2.42,Medium
947ba1cc,Finance,33,5,4,2.33,Medium
0ec24df3,Marketing,54,7,9,1.15,High
50d1a87d,IT,41,7,6,1.59,High
29919869,HR,57,6,7,4.67,High
4b5e4c8a,Sales,44,3,9,4.99,High
e39850a4,IT,37,5,7,4.12,Medium
5b52bae1,IT,36,3,7,2.15,Medium
1dc43562,Finance,43,6,9,2.61,High
b855e2d0,Sales,52,0,2,3.96,High
806999d1,Sales,48,4,1,4.87,High
cb1a08bb,Sales,43,9,3,2.82,High
6fe52d82,Sales,51,9,0,4.32,High
2e2abdd4,Marketing,42,3,2,4.9,High
411dc0f7,Marketing,58,6,8,4.49,High
8292bc04,HR,50,8,6,1.91,High
8ebded43,IT,30,4,6,1.03,Medium
68d5148b,IT,56,3,0,2.97,High
67109203,Finance,48,8,6,3.13,High
b3fd21b9,Marketing,58,4,9,1.81,High
ebb67a6c,HR,57,8,6,2.14,High
a6422682,IT,30,7,3,4.06,Medium
359f4df7,Finance,33,3,6,2.88,Medium
02c581e4,IT,39,6,7,2.27,Medium
49e3337e,Finance,32,4,2,3.49,Medium
e8e8ddb8,Sales,56,9,9,3.61,High
778f82cb,HR,49,3,1,4.08,High
f4f688c7,Marketing,38,4,6,1.63,Medium
fe6f67cd,Finance,32,4,4,3.97,Medium
fd97e4e7,HR,57,8,4,3.4,High
840e35e0,Marketing,35,8,4,1.23,Medium
876212da,Marketing,35,5,6,4.11,Medium
a6a58398,HR,52,3,8,2.53,High
818b6418,HR,54,1,7,2.32,High
7e3684da,Marketing,41,2,5,2.79,High
1917d37f,IT,52,1,6,2.38,High
d91026eb,HR,59,4,8,2.35,High
d530bc48,HR,30,5,5,4.23,Medium
092c40fa,Finance,45,4,0,1.5,High
df0d2373,Marketing,53,1,3,4.88,High
6ffcfe74,Sales,34,4,7,3.22,Medium
dea6bf64,IT,38,8,6,1.73,Medium
4566ec87,Finance,39,3,2,1.52,Medium
2ef14cd8,Sales,42,9,9,3.37,High
81ba42b3,Marketing,44,1,2,3.53,High
88f146f7,HR,41,2,2,1.21,High
69003618,HR,34,2,0,1.97,Medium
b97555d2,Marketing,34,8,9,4.18,Medium
e4dfd75f,IT,57,3,0,1.2,High
4e054f13,Finance,57,0,5,4.42,High
0b7faf27,Sales,59,0,0,3.63,High
86375263,Sales,47,6,4,2.74,High
8ea5d2cd,IT,41,6,3,2.39,High
bae13ffb,Marketing,56,1,4,1.08,High
57a02e2a,HR,32,8,6,4.3,Medium
78eabcf7,Sales,55,8,5,1.57,High
3404292a,IT,54,4,8,2.24,High
1231f600,IT,36,2,5,3.28,Medium
d803e2a6,IT,46,2,8,1.98,High
f24791b1,Marketing,48,2,3,2.99,High
66becafc,IT,57,5,0,4.24,High
ecd8e2e0,Marketing,47,3,0,2.88,High
878d3448,Marketing,30,7,9,4.8,Medium
07bc7c3d,Marketing,54,4,6,4.39,High
7b4c2447,Sales,53,0,2,2.33,High
dab76e39,Marketing,34,8,1,2.6,Medium
ace7de78,Marketing,56,0,5,2.69,High
a6e5de65,Sales,57,5,5,3.5,High
68168c6b,Marketing,31,0,6,2.15,Medium
e6a0ad98,Finance,30,2,4,4.88,Medium
a45227f0,HR,36,9,7,3.43,Medium
822f362d,HR,58,4,6,2.6,High
6bd27f40,Finance,40,9,1,3.58,Medium
8a28ff9f,Finance,40,6,0,2.58,Medium
8ee18da1,HR,47,9,8,4.27,High
19e33e7e,Marketing,46,7,4,3.27,High
6c94e0ca,Marketing,31,8,4,1.17,Medium
b53976e3,HR,36,5,9,1.71,Medium
6a2f4054,Marketing,36,8,3,4.46,Medium
23fc7250,Finance,39,7,1,3.25,Medium
9212d9e5,Sales,51,8,4,4.8,High
a9d7f755,Sales,50,9,1,1.29,High
4a1b6cec,Finance,32,3,6,2.18,Medium
ebf91a8d,IT,59,8,8,1.77,High
43eb5ea5,Marketing,41,6,8,3.22,High
c68829ee,Marketing,32,4,5,2.53,Medium
b57fb2b0,IT,40,4,0,1.63,Medium
e2ffd565,Sales,58,0,5,3.57,High
67d51d45,Finance,41,1,4,3.15,High
32cbd066,Sales,54,9,3,2.1,High
262d9ee7,Finance,33,2,5,2.92,Medium
fd86dda6,Marketing,54,7,5,3.98,High
6b66909b,HR,45,5,5,1.82,High
999a538e,HR,49,9,1,2.17,High
76667501,Marketing,47,4,6,2.38,High
0f04f9ca,IT,33,0,3,3.99,Medium
c429c4b2,HR,51,8,8,4.39,High
5b6c60ea,IT,35,2,9,2.51,Medium
0504880d,HR,50,2,1,2.19,High
c869f4bc,Sales,44,1,4,4.56,High
9e7353c5,HR,30,3,3,5.0,Medium
bae35ec3,Marketing,32,1,8,3.68,Medium
491f2f37,Marketing,34,8,3,4.96,Medium
13f514ef,IT,51,9,7,3.64,High
6aa1db93,Sales,59,6,7,3.93,High
88c8a29b,HR,46,7,5,2.55,High
97061b55,Finance,59,2,5,2.73,High
e3a19942,Marketing,43,5,7,1.58,High
acb2f98c,Sales,38,9,9,4.29,Medium
164eef8f,Sales,59,5,8,4.72,High
703f1a4e,HR,32,0,4,3.49,Medium
0ef403af,Marketing,55,5,0,2.37,High
3b656e11,IT,42,2,0,1.62,High
1e322cc3,Finance,32,2,1,2.06,Medium
b2b861de,HR,40,2,9,2.02,Medium
29b2125b,Finance,31,9,9,3.45,Medium
00f2cbde,Sales,53,9,4,4.78,High
ee88df9d,Marketing,44,7,3,1.19,High
f3728804,HR,42,4,0,1.0,High
dca90c7c,Sales,48,3,3,3.4,High
655e39f3,Marketing,51,8,3,2.14,High
9703ad11,HR,45,8,9,4.52,High
1d3bb193,Sales,47,0,3,2.31,High
d8b0327f,Marketing,36,1,0,2.16,Medium
86a32806,Marketing,42,7,8,2.08,High
b3a5b50c,Finance,33,4,2,1.58,Medium
7d0b716c,Marketing,38,6,3,3.33,Medium
db04d514,IT,59,0,4,1.67,High
eb25f12a,IT,39,9,6,2.7,Medium
1b951e75,IT,38,4,5,2.84,Medium
dcdf1a67,Finance,36,2,4,1.08,Medium
86809c3e,HR,44,9,7,1.07,High
670300d7,IT,57,1,0,3.08,High
624f26c6,HR,37,1,6,3.78,Medium
3df5c592,Finance,48,8,5,4.77,High
5e83621e,IT,40,3,4,1.72,Medium
5fba0b46,HR,34,3,6,1.41,Medium
e877419d,Sales,31,6,2,1.21,Medium
87692ec0,Finance,39,9,0,2.74,Medium
f076f7a7,Marketing,45,9,8,3.49,High
545ecf8e,Marketing,52,1,1,4.36,High
f3bbab4d,HR,42,2,9,3.73,High
2e471752,IT,37,2,2,1.83,Medium
71ab40e8,Sales,38,5,7,2.85,Medium
d0834395,IT,40,2,9,4.64,Medium
7ade4c78,IT,40,4,8,2.31,Medium
5be9e1c7,Marketing,52,3,2,2.99,High
1fea3905,IT,55,2,5,4.83,High
e0ef7b81,Finance,45,7,6,3.94,High
02ea67ee,IT,39,9,0,3.99,Medium
00a089e3,Marketing,58,2,6,2.01,High
42c4be56,IT,53,5,3,2.66,High
f65f1394,HR,41,6,4,1.33,High
8ec223ac,IT,54,6,7,3.43,High
28a90fbc,Sales,35,1,3,1.41,Medium
584a25e7,Marketing,57,2,3,4.34,High
d6291646,Marketing,41,9,7,4.26,High
736fd31e,IT,39,9,4,3.13,Medium
41f2e77b,Finance,47,3,5,1.56,High
2046525c,Finance,47,6,4,1.1,High
2976c2a1,HR,33,1,0,4.19,Medium
2a28e081,IT,38,2,6,3.4,Medium
df9f230b,Marketing,36,6,5,3.84,Medium
5d497201,Sales,47,6,1,2.22,High
14fa68cf,Sales,37,9,6,3.04,Medium
c54220d4,IT,40,2,5,3.99,Medium
f683f910,Sales,36,0,4,2.85,Medium
e0eba46d,Finance,38,2,7,3.41,Medium
3b55dd5a,Finance,37,4,4,4.16,Medium
fdb84a97,Sales,32,6,1,1.86,Medium
e89eb1b2,IT,46,3,5,1.26,High
79d2621a,Finance,31,0,0,3.13,Medium
26415e5e,HR,44,5,4,1.25,High
d6262cb4,Finance,43,1,5,4.07,High
11604742,HR,58,2,6,3.88,High
fdae99fe,Marketing,47,3,1,4.53,High
aa7b7118,Marketing,45,5,0,3.56,High
db3d92ce,HR,49,5,5,1.27,High
397240a9,HR,51,6,2,2.01,High
e8588dd9,IT,33,4,4,4.23,Medium
bb196290,HR,54,6,1,1.67,High
56290601,Sales,49,1,0,3.79,High
dc0e8ddd,Marketing,35,0,0,4.12,Medium
b8ebe28e,Marketing,35,9,3,2.32,Medium
70131be4,IT,55,7,9,2.29,High
898b8fa9,IT,40,0,1,3.23,Medium
427ca23f,Marketing,55,1,0,4.45,High
29f5ae4c,Finance,46,9,5,1.9,High
b6ac2b79,IT,53,5,3,4.77,High
36f88a99,Finance,57,0,9,3.4,High
684dac3a,Marketing,32,9,6,4.97,Medium
